{"loadingScreen":false,"bedrockIfyButtonPosition":"BELOW_SLIDERS","showPositionHUD":true,"FPSHUD":0,"heldItemTooltips":true,"heldItemTooltipBackground":0.5,"showPaperDoll":false,"showChunkMap":false,"reacharound":true,"reacharoundSneaking":false,"reacharoundIndicator":true,"reacharoundMultiplayer":true,"positionHUDHeight":50,"screenSafeArea":0,"overlayIgnoresSafeArea":false,"cubeMapBackground":false,"bedrockChat":false,"slotHighlight":true,"highLightColor1":-1,"highLightColor2":-9590208,"idleAnimation":1.0,"reacharoundBlockDistance":0.5,"reacharoundPitchAngle":25,"savingOverlay":true,"eatingAnimations":true,"expTextStyle":false,"transparentHotBar":true,"hudOpacity":100,"biggerIcons":true,"sneakingShield":true,"bedrockShading":true,"disableFlyingMomentum":false,"elytraStop":true,"pickupAnimations":true,"fishingBobber3D":true,"sunlightIntensity":50,"sheepColors":true,"hideEditionBranding":false,"panoramaIgnoredScreens":[".modmenu.gui.ModsScreen",".iris.gui.",".modmanager.gui.","yacl.gui.YACLScreen"]}