{"MC-93018":"Wild wolves show breeding hearts but do not breed","MC-127970":"Using Riptide on a trident with an item in your off-hand causes visual glitch with said item","MC-200418":"Cured baby zombie villagers stay as jockey variant","MC-199467":"Certain entity animations stop after they\u0027ve existed in world for too long","MC-159163":"Quickly pressing the sneak key causes the sneak animation to play twice","MC-121903":"Command block minecarts do not save execution cooldown to NBT","MC-119754":"Firework boosting on elytra continues in spectator mode","MC-129909":"Players in spectator mode continue to consume foods and liquids shortly after switching game modes","MC-206922":"Items dropped by entities that are killed by lightning instantly disappear","MC-121706":"Skeletons and illusioners aren\u0027t looking up / down at their target while strafing","MC-55347":"Title with long duration shows in other world","MC-80859":"Starting to drag item stacks over other compatible stacks makes the latter invisible until appearance change (stack size increases)","MC-93384":"Bubbles appear at the feet of drowning mobs","MC-88371":"Ender Dragon flies down in the void when the exit portal is destroyed","MC-108948":"Boats / boats with chest on top of slime blocks hover over block","MC-122477":"Linux/GNU: Opening chat sometimes writes \u0027t\u0027","MC-89146":"Pistons forget update when being reloaded","MC-162253":"Lag spike when crossing certain chunk borders","MC-122627":"Tab suggestion box has missing padding on right side","MC-577":"Mouse buttons block all inventory controls that are not default","MC-135971":"Can\u0027t use CTRL+Q in crafting table","MC-143474":"Respawning causes your hotbar to reset to the first space","MC-237493":"Telemetry cannot be disabled","MC-79545":"The experience bar disappears when too many levels are given to the player","MC-30391":"Chickens, blazes and the wither emit particles when landing from a height, despite falling slowly","MC-90683":"\"Received unknown passenger\" - Entities with differing render distances as passengers outputs error","MC-72151":"Snow Golem\u0027s snowballs damage wolves instead of pushing them","MC-217716":"The green nausea overlay isn\u0027t removed when switching into spectator mode","MC-90084":"When sitting in boats and boats with chest mobs legs penetrate the hull","MC-46766":"Mining a block in Survival, then changing to Spectator creates a breaking animation and sound","MC-100991":"Killing entities with a fishing rod doesn\u0027t count as a kill","MC-197260":"Armor Stand renders itself and armor dark if its head is in a solid block","MC-183776":"After switching game modes using F3+F4, you need to press F3 twice to toggle the debug screen","MC-224729":"Partially generated chunks are not saved in some situations","MC-121772":"Can\u0027t scroll while holding SHIFT on macOS","MC-4490":"Fishing line not attached to fishing rod in third person while crouching","MC-215530":"The freezing effect isn\u0027t immediately removed upon switching into spectator mode","MC-231743":"\"minecraft.used:minecraft.\u003cPOTTABLE_PLANT\u003e\" doesn\u0027t increase when placing plants into flower pots","MC-193343":"Soul Speed effect remains after switching to spectator mode","MC-215531":"The carved pumpkin overlay is rendered in spectator mode","MC-140646":"Text fields don\u0027t scroll while selecting text with Shift","MC-7569":"RCON output has newlines removed","MC-14923":"Players can be kicked for spamming in a singleplayer world with cheats disabled","MC-179072":"Creepers do not defuse when switching from Survival to Creative/Spectator","MC-232869":"Adult striders can spawn with saddles in peaceful mode","MC-12829":"Flying through climbable blocks in creative mode slows you down","MC-176559":"Breaking process resets when a pickaxe enchanted with Mending mends by XP / Mending slows down breaking blocks again","MC-227169":"The main hand is positioned incorrectly when holding a loaded crossbow in your offhand","MC-119417":"A spectator can occupy a bed if they enter it and then are switched to spectator mode","MC-31819":"Hunger saturation depletes on Peaceful","MC-132878":"Armor stands destroyed by explosions/lava/fire don\u0027t produce particles","MC-231097":"Holding the \"Use\" button continues to slow down the player even after the used item has been dropped","MC-111516":"Player flickers/turns invisible when flying at high speeds","MC-69216":"Switching to spectator mode while fishing keeps rod cast","MC-22882":"Ctrl + Q won\u0027t work on Mac","MC-124117":"Nbt Tags doesn\u0027t work?","MC-123739":"Recipe book entries are not sorted in any meaningful manner","MC-160095":"End Rods only break Cactus when moved by pistons","MC-116379":"Punching with a cast fishing rod in the off-hand detaches fishing line from rod","MC-223153":"Block of Raw Copper uses stone sounds instead of copper sounds","MC-59810":"Cannot break blocks while sprinting (Ctrl+Click \u003d right click on macOS)","MC-165381":"Block breaking can be delayed by dropping/throwing the tool while breaking a block","MC-155509":"Dying puffed pufferfish can still sting players","MC-183990":"Group AI of some mobs breaks when their target dies","MC-112730":"Beacon beam and structure block render twice per frame","MC-2025":"Mobs going out of fenced areas/suffocate in blocks when loading chunks"}