{
  "allowedEnchantments": [
    "enchancement:assimilation",
    "enchancement:perception",
    "enchancement:veil",
    "enchancement:amphibious",
    "enchancement:strafe",
    "enchancement:wardenspine",
    "enchancement:dash",
    "enchancement:slide",
    "enchancement:bouncy",
    "enchancement:buoy",
    "enchancement:gale",
    "enchancement:berserk",
    "minecraft:fire_aspect",
    "enchancement:frostbite",
    "minecraft:infinity",
    "enchancement:chaos",
    "enchancement:delay",
    "enchancement:phasing",
    "enchancement:brimstone",
    "enchancement:scatter",
    "enchancement:torch",
    "minecraft:channeling",
    "enchancement:leech",
    "minecraft:riptide",
    "enchancement:warp",
    "enchancement:extracting",
    "enchancement:molten",
    "enchancement:beheading",
    "enchancement:lumberjack",
    "enchancement:bury",
    "enchancement:scooping",
    "enchancement:disarm",
    "enchancement:grapple",
    "minecraft:luck_of_the_sea",
    "minecraft:efficiency",
    "minecraft:silk_touch",
    "minecraft:flame",
    "minecraft:fortune",
    "minecraft:looting",
    "minecraft:swift_sneak",
    "inventorio:deep_pockets"
  ],
  "invertedList": false,
  "overhaulEnchantingTable": true,
  "allowTreasureEnchantmentsInEnchantingTable": false,
  "singleEnchantmentMode": false,
  "singleLevelMode": true,
  "allowInfinityOnCrossbows": true,
  "allTridentsHaveLoyalty": true,
  "channelingIgnitesOnMelee": true,
  "channelingWorksWhenNotThundering": true,
  "fireAspectWorksAsFlintAndSteel": true,
  "freeEnchantedBookMerging": true,
  "luckOfTheSeaHasLure": true,
  "negateEnderPearlDamage": true,
  "safeChanneling": true,
  "tridentsReturnFromVoid": true,
  "weakerFireAspect": true,
  "weakerGoldenApple": true,
  "weakerPotions": true,
  "weaponEnchantmentCooldownRequirement": 0.7,
  "maxExtractingBlocks": 64,
  "maxLumberjackBlocks": 1024,
  "maxLumberjackHorizontalLength": 7,
  "unbreakingChangesFlag": 0,
  "enchantmentDescriptions": true
}