{
  "configVersion": 2,
  "controlsMode": "DEFAULT",
  "autoSwitchMode": true,
  "debug": false,
  "hudEnable": true,
  "hudSide": "LEFT",
  "moveChat": false,
  "analogMovement": true,
  "doubleTapToSprint": false,
  "controllerToggleSneak": true,
  "controllerToggleSprint": false,
  "fastBlockPlacing": true,
  "flyDrifting": true,
  "verticalFlyDrifting": true,
  "horizontalReacharound": true,
  "verticalReacharound": true,
  "shouldRenderReacharoundOutline": true,
  "reacharoundOutlineColorHex": "#ffffff",
  "reacharoundOutlineColorAlpha": 102,
  "rightDeadZone": 0.10000000149011612,
  "leftDeadZone": 0.10000000149011612,
  "invertRightYAxis": false,
  "invertRightXAxis": false,
  "rotationSpeed": 15.0,
  "yAxisRotationSpeed": 10.0,
  "mouseSpeed": 25.0,
  "joystickAsMouse": true,
  "unfocusedInput": false,
  "virtualMouse": true,
  "virtualMouseSkin": "DEFAULT_LIGHT",
  "controllerID": 0.0,
  "secondControllerID": -1.0,
  "controllerType": "XBOX",
  "mouseScreens": [
    "me.jellysquid.mods.sodium.client.gui",
    "net.coderbot.iris.gui",
    "net.minecraft.client.gui.screen.advancement",
    "net.minecraft.client.gui.screen.pack.PackScreen",
    "net.minecraft.class_5375",
    "net.minecraft.class_457",
    "net.minecraft.class_408"
  ],
  "arrowScreens": [
    "net.minecraft.class_408"
  ],
  "wasdScreens": [
    "com.ultreon.devices.core.Laptop"
  ],
  "BINDING": {
    "controller.controls.key.journeymap.map_toggle_alt": "13+2",
    "controller.controls.key.journeymap.fullscreen_waypoints": "13+3",
    "controller.controls.key.journeymap.minimap_toggle_alt": "-1",
    "controller.controls.chat": "-1",
    "controller.controls.key.mtr.lift_menu": "12",
    "controller.controls.key.journeymap.create_waypoint": "13+1"
  },
  "maxAnalogValues": [
    1.0,
    1.0,
    1.0,
    1.0
  ],
  "maxAnalogValueLeftX": 1.0,
  "maxAnalogValueLeftY": 1.0,
  "maxAnalogValueRightX": 1.0,
  "maxAnalogValueRightY": 1.0,
  "triggerFix": true,
  "enableHints": true,
  "shortcutInControls": true,
  "ringBindings": [],
  "ignoredUnboundKeys": [
    "inventorytabs.key.next_tab"
  ],
  "controllerBindingProfiles": {}
}