{"serverUrl":"localhost:12345","minimumFeedback":10.0,"maximumFeedback":30.0,"maximumScore":80.0,"feedbackScoreLostPerTick":2.0,"scoreLostPerTick":0.05,"maximumSecondsKeepScore":30,"showIntensity":false,"intensityColor":-5635926,"masochistEnabled":true,"masochistMultiplier":1.0,"masochistInstantPointsMultiplier":1.0,"masochistDurationMultiplier":1.0,"xpEnabled":true,"xpMultiplier":1.0,"xpInstantPointsMultiplier":1.0,"xpDurationMultiplier":1.0,"miningEnabled":true,"minePointsMultiplier":1.0,"mineInstantPointsMultiplier":1.0,"mineDurationMultiplier":1.0,"blocksScore":{"block.minecraft.coal_ore":{"translationKey":"block.minecraft.coal_ore","name":"Coal Ore","score":5.0},"block.minecraft.lapis_ore":{"translationKey":"block.minecraft.lapis_ore","name":"Lapis Lazuli Ore","score":20.0},"block.minecraft.diamond_ore":{"translationKey":"block.minecraft.diamond_ore","name":"Diamond Ore","score":40.0},"block.minecraft.copper_ore":{"translationKey":"block.minecraft.copper_ore","name":"Copper Ore","score":5.0},"block.minecraft.redstone_ore":{"translationKey":"block.minecraft.redstone_ore","name":"Redstone Ore","score":10.0},"block.minecraft.deepslate_diamond_ore":{"translationKey":"block.minecraft.deepslate_diamond_ore","name":"Deepslate Diamond Ore","score":50.0},"block.minecraft.iron_ore":{"translationKey":"block.minecraft.iron_ore","name":"Iron Ore","score":5.0},"block.minecraft.gold_ore":{"translationKey":"block.minecraft.gold_ore","name":"Gold Ore","score":30.0},"block.minecraft.emerald_ore":{"translationKey":"block.minecraft.emerald_ore","name":"Emerald Ore","score":40.0}},"attackEnabled":true,"attackMultiplier":1.0,"attackInstantPointsMultiplier":1.0,"attackDurationMultiplier":1.0}