{"renderMethod":"DEFAULT","encodingPreset":"PNG","videoWidth":1080,"videoHeight":1080,"framesPerSecond":60,"bitRate":20971520,"outputFile":"C:\\Users\\OctoFloofy\\Documents\\MultiMC\\instances\\1.18.2\\.minecraft\\screenshots","renderNameTags":true,"includeAlphaChannel":false,"stabilizeYaw":false,"stabilizePitch":false,"stabilizeRoll":false,"sphericalFovX":360,"sphericalFovY":180,"injectSphericalMetadata":false,"depthMap":false,"cameraPathExport":false,"antiAliasing":"NONE","exportCommand":"","exportArguments":"","exportArgumentsBgra":"","highPerformance":false}