{
  "allay": {
    "keyframeAllayDance": true
  },
  "enderMan": {
    "angerLoopSound": true,
    "movingStareSound": true
  },
  "firefly": {
    "fireflySpawnCap": 56
  },
  "jellyfish": {
    "jellyfishSpawnCap": 30
  },
  "tumbleweed": {
    "tumbleweedSpawnCap": 10,
    "leashedTumbleweed": false
  },
  "warden": {
    "wardenAttacksImmediately": true,
    "wardenCustomTendrils": true,
    "wardenBedrockSniff": true,
    "wardenDyingAnimation": true,
    "wardenEmergesFromCommand": false,
    "wardenEmergesFromEgg": false,
    "wardenSwimAnimation": true
  },
  "unpassableRail": true
}